,name,gender,country_code,discipline,function,url,Age
0,ABDELMAGID Wael,Male,EGY,Football,Head Coach,../../../en/results/football/athlete-profile-n1378828-abdelmagid-wael.htm,41
1,ABE Junya,Male,JPN,Volleyball,Head Coach,../../../en/results/volleyball/athlete-profile-n1418338-abe-junya.htm,33
2,ABE Katsuhiko,Male,JPN,Basketball,Coach,../../../en/results/basketball/athlete-profile-n1313662-abe-katsuhiko.htm,44
3,ADAMA Cherif,Male,CIV,Football,Head Coach,../../../en/results/football/athlete-profile-n1323707-adama-cherif.htm,62
4,AGEBA Yuya,Male,JPN,Volleyball,Head Coach,../../../en/results/volleyball/athlete-profile-n1474027-ageba-yuya.htm,40
5,AIKMAN Siegfried Gottlieb,Male,JPN,Hockey,Head Coach,../../../en/results/hockey/athlete-profile-n1316889-aikman-siegfried-gottlieb.htm,65
6,AL SAADI Kais,Male,GER,Hockey,Head Coach,../../../en/results/hockey/athlete-profile-n1319563-al-saadi-kais.htm,47
7,ALAMEDA Lonni,Female,CAN,Baseball/Softball,Coach,../../../en/results/baseball-softball/athlete-profile-n1426203-alameda-lonni.htm,53
8,ALEKNO Vladimir,Male,IRI,Volleyball,Head Coach,../../../en/results/volleyball/athlete-profile-n1362880-alekno-vladimir.htm,57
9,ALEKSEEV Alexey,Male,ROC,Handball,Coach,../../../en/results/handball/athlete-profile-n1407750-alekseev-alexey.htm,59
10,ALLER CARBALLO Manuel Angel,Male,ESP,Basketball,Coach,../../../en/results/basketball/athlete-profile-n1322498-aller-carballo-manuel-angel.htm,61
11,ALSHEHRI Saad,Male,KSA,Football,Head Coach,../../../en/results/football/athlete-profile-n1484153-alshehri-saad.htm,44
12,ALY Kamal,Male,EGY,Football,Head Coach,../../../en/results/football/athlete-profile-n1378837-aly-kamal.htm,62
13,AMAYA GAITAN Fabian,Male,PUR,Basketball,Coach,../../../en/results/basketball/athlete-profile-n1426069-amaya-gaitan-fabian.htm,40
14,AMO AGUADO Pablo,Male,ESP,Football,Head Coach,../../../en/results/football/athlete-profile-n1328153-amo-aguado-pablo.htm,46
15,ANDONOVSKI Vlatko,Male,USA,Football,Head Coach,../../../en/results/football/athlete-profile-n1332151-andonovski-vlatko.htm,47
16,ANNAN Alyson,Female,NED,Hockey,Head Coach,../../../en/results/hockey/athlete-profile-n1466872-annan-alyson.htm,50
17,ARNAU CREUS Xavier,Male,JPN,Hockey,Head Coach,../../../en/results/hockey/athlete-profile-n1424311-arnau-creus-xavier.htm,51
18,ARNOLD Graham,Male,AUS,Football,Head Coach,../../../en/results/football/athlete-profile-n1482580-arnold-graham.htm,60
19,ARZATE Martin,Male,MEX,Baseball/Softball,Coach,../../../en/results/baseball-softball/athlete-profile-n1311287-arzate-martin.htm,64
20,AXNER Tomas,Male,SWE,Handball,Coach,../../../en/results/handball/athlete-profile-n1422059-axner-tomas.htm,54
21,BABER Gareth Colin,Male,FIJ,Rugby Sevens,Head Coach,../../../en/results/rugby-sevens/athlete-profile-n1282565-baber-gareth-colin.htm,52
22,BACIU Horatiu,Male,ROU,Football,Head Coach,../../../en/results/football/athlete-profile-n1313447-baciu-horatiu.htm,30
23,BANBULA Wojciech,Male,POL,Volleyball,Head Coach,../../../en/results/volleyball/athlete-profile-n1432814-banbula-wojciech.htm,35
24,BAO Zhuang,Male,CHN,Volleyball,Head Coach,../../../en/results/volleyball/athlete-profile-n1342752-bao-zhuang.htm,54
25,BARYLA Pawel,Male,ROC,Volleyball,Head Coach,../../../en/results/volleyball/athlete-profile-n1435984-baryla-pawel.htm,39
26,BASILIO Mel,Female,CAN,Baseball/Softball,Coach,../../../en/results/baseball-softball/athlete-profile-n1426204-basilio-mel.htm,43
27,BASSO Paola,Female,GBR,Artistic Swimming,Coach,../../../en/results/artistic-swimming/athlete-profile-n1425978-basso-paola.htm,53
28,BATCH Colin,Male,AUS,Hockey,Head Coach,../../../en/results/hockey/athlete-profile-n1483120-batch-colin.htm,66
29,BATISTA Fernando,Male,ARG,Football,Head Coach,../../../en/results/football/athlete-profile-n1359717-batista-fernando.htm,53
30,BATISTA SANTIAGO Gerardo,Male,PUR,Basketball,Coach,../../../en/results/basketball/athlete-profile-n1292801-batista-santiago-gerardo.htm,53
31,BELTRAN Rigoberto,Male,MEX,Baseball/Softball,Coach,../../../en/results/baseball-softball/athlete-profile-n1466709-beltran-rigoberto.htm,54
32,BENCIC Filip,Male,SRB,Basketball,Coach,../../../en/results/basketball/athlete-profile-n1344399-bencic-filip.htm,34
33,BERG Laura,Female,USA,Baseball/Softball,Coach,../../../en/results/baseball-softball/athlete-profile-n1310202-berg-laura.htm,49
34,BERGE Christian,Male,NOR,Handball,Coach,../../../en/results/handball/athlete-profile-n1343766-berge-christian.htm,50
35,BERNALDEZ Carlos,Male,MEX,Baseball/Softball,Head Coach,../../../en/results/baseball-softball/athlete-profile-n1306764-bernaldez-carlos.htm,56
36,BILLAVA SURESH Ankitha,Female,IND,Hockey,Coach,../../../en/results/hockey/athlete-profile-n1309482-billava-suresh-ankitha.htm,31
37,BIRO Attila,Male,HUN,Water Polo,Head Coach,../../../en/results/water-polo/athlete-profile-n1364512-biro-attila.htm,58
38,BLECHER SIDOROVA Svetlana,Female,ISR,Artistic Swimming,Coach,../../../en/results/artistic-swimming/athlete-profile-n1296532-blecher-sidorova-svetlana.htm,58
39,BLENGINI Gianlorenzo,Male,ITA,Volleyball,Head Coach,../../../en/results/volleyball/athlete-profile-n1340772-blengini-gianlorenzo.htm,52
40,BOLTON Alice,Female,NGR,Basketball,Coach,../../../en/results/basketball/athlete-profile-n1401810-bolton-alice.htm,57
41,BREIVIK Marit,Female,NOR,Handball,Coach,../../../en/results/handball/athlete-profile-n1346403-breivik-marit.htm,69
42,BRODERICK William,Male,BRA,Rugby Sevens,Head Coach,../../../en/results/rugby-sevens/athlete-profile-n1314175-broderick-william.htm,31
43,BRONDELLO Sandy,Female,AUS,Basketball,Coach,../../../en/results/basketball/athlete-profile-n1328297-brondello-sandy.htm,55
44,BROWN Chris,Male,USA,Rugby Sevens,Head Coach,../../../en/results/rugby-sevens/athlete-profile-n1317915-brown-chris.htm,38
45,BROWN Michael,Male,NGR,Basketball,Coach,../../../en/results/basketball/athlete-profile-n1406004-brown-michael.htm,54
46,BRUN Aristide,Male,AUT,Artistic Swimming,Coach,../../../en/results/artistic-swimming/athlete-profile-n1331226-brun-aristide.htm,50
47,BUNTING Allan,Male,NZL,Rugby Sevens,Head Coach,../../../en/results/rugby-sevens/athlete-profile-n1473921-bunting-allan.htm,46
48,BUSATO Sergio,Male,ROC,Volleyball,Head Coach,../../../en/results/volleyball/athlete-profile-n1435902-busato-sergio.htm,58
49,BUSENKELL Axel,Male,GER,Football,Head Coach,../../../en/results/football/athlete-profile-n1325359-busenkell-axel.htm,52
50,BYRNE Mick,Male,CAN,Rugby Sevens,Head Coach,../../../en/results/rugby-sevens/athlete-profile-n1469761-byrne-mick.htm,65
51,CADENAS MONTANES Manuel,Male,ARG,Handball,Coach,../../../en/results/handball/athlete-profile-n1359651-cadenas-montanes-manuel.htm,69
52,CALDAS Max,Male,NED,Hockey,Head Coach,../../../en/results/hockey/athlete-profile-n1466844-caldas-max.htm,51
53,CAMPAGNA Alessandro,Male,ITA,Water Polo,Head Coach,../../../en/results/water-polo/athlete-profile-n1340757-campagna-alessandro.htm,60
54,CAMPBELL Eric,Male,USA,Baseball/Softball,Coach,../../../en/results/baseball-softball/athlete-profile-n1460670-campbell-eric.htm,62
55,CANO SORIANO Joselito,Male,DOM,Baseball/Softball,Coach,../../../en/results/baseball-softball/athlete-profile-n1470343-cano-soriano-joselito.htm,62
56,CARO Carlos,Male,MEX,Baseball/Softball,Coach,../../../en/results/baseball-softball/athlete-profile-n1306766-caro-carlos.htm,54
57,CASAREZ Mary Lucy,Female,JPN,Baseball/Softball,Coach,../../../en/results/baseball-softball/athlete-profile-n1313731-casarez-mary-lucy.htm,64
58,CASTILLO Nicolas,Male,MEX,Baseball/Softball,Coach,../../../en/results/baseball-softball/athlete-profile-n1466839-castillo-nicolas.htm,50
59,CASTRO Alex,Male,CHI,Football,Head Coach,../../../en/results/football/athlete-profile-n1364526-castro-alex.htm,43
60,CHAMBERS Cheryl,Female,AUS,Basketball,Coach,../../../en/results/basketball/athlete-profile-n1328298-chambers-cheryl.htm,56
61,CHEPAK Anastasiya,Female,EGY,Artistic Swimming,Coach,../../../en/results/artistic-swimming/athlete-profile-n1361585-chepak-anastasiya.htm,38
62,CHEPAK Anastasiya,Female,EGY,Artistic Swimming,Coach,../../../en/results/artistic-swimming/athlete-profile-n1361585-chepak-anastasiya.htm,38
63,CHERNETSKA Natalia,Female,GRE,Artistic Swimming,Coach,../../../en/results/artistic-swimming/athlete-profile-n1466681-chernetska-natalia.htm,50
64,CHERNETSKA Natalia,Female,GRE,Artistic Swimming,Coach,../../../en/results/artistic-swimming/athlete-profile-n1466681-chernetska-natalia.htm,50
65,CHOI Il Eon,Male,KOR,Baseball/Softball,Coach,../../../en/results/baseball-softball/athlete-profile-n1333156-choi-il-eon.htm,62
66,CHONG Taehyon,Male,KOR,Baseball/Softball,Coach,../../../en/results/baseball-softball/athlete-profile-n1333157-chong-taehyon.htm,45
67,CHUN Jooweon,Female,KOR,Basketball,Coach,../../../en/results/basketball/athlete-profile-n1333610-chun-jooweon.htm,51
68,CLARK STEPHEN Gregg,Male,IND,Hockey,Coach,../../../en/results/hockey/athlete-profile-n1366531-clark-stephen-gregg.htm,53
69,COLLET Vincent,Male,FRA,Basketball,Coach,../../../en/results/basketball/athlete-profile-n1337889-collet-vincent.htm,61
70,COMMENS Adam,Male,BEL,Hockey,Coach,../../../en/results/hockey/athlete-profile-n1393511-commens-adam.htm,48
71,COURTEIX David,Male,FRA,Rugby Sevens,Head Coach,../../../en/results/rugby-sevens/athlete-profile-n1400664-courteix-david.htm,52
72,CRUZ Filipe,Male,ANG,Handball,Coach,../../../en/results/handball/athlete-profile-n1457736-cruz-filipe.htm,54
73,DAL ZOTTO Renan,Male,BRA,Volleyball,Head Coach,../../../en/results/volleyball/athlete-profile-n1353959-dal-zotto-renan.htm,63
74,DANCER Sean,Male,IRL,Hockey,Head Coach,../../../en/results/hockey/athlete-profile-n1282059-dancer-sean.htm,48
75,DANCHENKO Tatiana,Female,ROC,Artistic Swimming,Coach,../../../en/results/artistic-swimming/athlete-profile-n1431711-danchenko-tatiana.htm,52
76,DAVY Jeremy,Male,AUS,Hockey,Coach,../../../en/results/hockey/athlete-profile-n1483176-davy-jeremy.htm,50
77,DAZA Fabian,Male,CHI,Football,Head Coach,../../../en/results/football/athlete-profile-n1335551-daza-fabian.htm,29
78,de ARMAS JR Rolando,Male,USA,Baseball/Softball,Coach,../../../en/results/baseball-softball/athlete-profile-n1461098-de-armas-jr-rolando.htm,72
79,de la FUENTE CASTILLO Luis,Male,ESP,Football,Head Coach,../../../en/results/football/athlete-profile-n1328154-de-la-fuente-castillo-luis.htm,62
80,de MOURA Luizomar,Male,KEN,Volleyball,Head Coach,../../../en/results/volleyball/athlete-profile-n1459297-de-moura-luizomar.htm,58
81,de OLIVEIRA Marcus Ricardo,Male,BRA,Handball,Coach,../../../en/results/handball/athlete-profile-n1335882-de-oliveira-marcus-ricardo.htm,44
82,de VOS Robbert-Jan,Male,NED,Hockey,Coach,../../../en/results/hockey/athlete-profile-n1466841-de-vos-robbert-jan.htm,44
83,DELANEY Mike,Male,NZL,Hockey,Coach,../../../en/results/hockey/athlete-profile-n1473558-delaney-mike.htm,35
84,DEMCHENKO Zhanna,Female,KAZ,Artistic Swimming,Coach,../../../en/results/artistic-swimming/athlete-profile-n1305511-demchenko-zhanna.htm,54
85,DIAZ FERNANDEZ Jenaro Manuel,Male,ESP,Basketball,Coach,../../../en/results/basketball/athlete-profile-n1322499-diaz-fernandez-jenaro-manuel.htm,53
86,DIAZ HENRIQUEZ Nestor,Male,DOM,Basketball,Coach,../../../en/results/basketball/athlete-profile-n1468585-diaz-henriquez-nestor.htm,47
87,DOBSON Howard,Male,USA,Baseball/Softball,Coach,../../../en/results/baseball-softball/athlete-profile-n1310160-dobson-howard.htm,51
88,DROBNJAK Dragisa,Male,SLO,Basketball,Coach,../../../en/results/basketball/athlete-profile-n1725711-drobnjak-dragisa.htm,46
89,DUENAS de GALARZA Jorge,Male,BRA,Handball,Coach,../../../en/results/handball/athlete-profile-n1335877-duenas-de-galarza-jorge.htm,61
90,DURO Fernando,Male,VEN,Basketball,Coach,../../../en/results/basketball/athlete-profile-n1418899-duro-fernando.htm,63
91,DYKSTRA Trisha,Female,AUS,Basketball,Coach,../../../en/results/basketball/athlete-profile-n1328300-dykstra-trisha.htm,51
92,ECHEZURIA Manuel,Male,VEN,Basketball,Coach,../../../en/results/basketball/athlete-profile-n1451623-echezuria-manuel.htm,26
93,EDDY Anthony,Male,IRL,Rugby Sevens,Head Coach,../../../en/results/rugby-sevens/athlete-profile-n1305508-eddy-anthony.htm,58
94,EITOKU Atsushi,Male,JPN,Artistic Swimming,Coach,../../../en/results/artistic-swimming/athlete-profile-n1315874-eitoku-atsushi.htm,37
95,ELAFANDI Nour,Female,EGY,Artistic Swimming,Coach,../../../en/results/artistic-swimming/athlete-profile-n1361507-elafandi-nour.htm,31
96,ELAFANDI Nour,Female,EGY,Artistic Swimming,Coach,../../../en/results/artistic-swimming/athlete-profile-n1361507-elafandi-nour.htm,31
97,ELEK Gabor,Male,HUN,Handball,Coach,../../../en/results/handball/athlete-profile-n1309796-elek-gabor.htm,53
98,ENGELLAND Chip,Male,USA,Basketball,Coach,../../../en/results/basketball/athlete-profile-n1742113-engelland-chip.htm,63
99,ENQUIST Susan,Female,USA,Volleyball,Head Coach,../../../en/results/volleyball/athlete-profile-n1461070-enquist-susan.htm,66
100,ERIKSEN Ken,Male,USA,Baseball/Softball,Head Coach,../../../en/results/baseball-softball/athlete-profile-n1310197-eriksen-ken.htm,63
101,ESTRADA Hector,Male,MEX,Baseball/Softball,Coach,../../../en/results/baseball-softball/athlete-profile-n1311216-estrada-hector.htm,55
102,EWING Gareth,Male,RSA,Hockey,Head Coach,../../../en/results/hockey/athlete-profile-n1309583-ewing-gareth.htm,50
103,FABRE Julie,Female,FRA,Artistic Swimming,Coach,../../../en/results/artistic-swimming/athlete-profile-n1334710-fabre-julie.htm,47
104,FALERO Miguel,Male,HON,Football,Head Coach,../../../en/results/football/athlete-profile-n1361933-falero-miguel.htm,67
105,FARINELLI Roberta,Female,ITA,Artistic Swimming,Coach,../../../en/results/artistic-swimming/athlete-profile-n1310729-farinelli-roberta.htm,54
106,FARINELLI Roberta,Female,ITA,Artistic Swimming,Coach,../../../en/results/artistic-swimming/athlete-profile-n1310729-farinelli-roberta.htm,54
107,FATOVIC Elvis,Male,AUS,Water Polo,Head Coach,../../../en/results/water-polo/athlete-profile-n1483221-fatovic-elvis.htm,53
108,FAVAREL Pablo,Male,VEN,Basketball,Coach,../../../en/results/basketball/athlete-profile-n1418935-favarel-pablo.htm,40
109,FENSTER Darren,Male,USA,Baseball/Softball,Coach,../../../en/results/baseball-softball/athlete-profile-n1460632-fenster-darren.htm,45
110,FERRARO Hernan ,Male,ARG,Volleyball,Head Coach,../../../en/results/volleyball/athlete-profile-n1365435-ferraro-hernan-.htm,56
111,FISH Nate,Male,ISR,Baseball/Softball,Coach,../../../en/results/baseball-softball/athlete-profile-n1424133-fish-nate.htm,44
112,FLOWERS Tairia,Female,USA,Baseball/Softball,Coach,../../../en/results/baseball-softball/athlete-profile-n1310190-flowers-tairia.htm,43
113,FOIREST Laurent,Male,FRA,Basketball,Coach,../../../en/results/basketball/athlete-profile-n1337892-foirest-laurent.htm,50
114,FORREST Scott,Male,GBR,Rugby Sevens,Head Coach,../../../en/results/rugby-sevens/athlete-profile-n1468854-forrest-scott.htm,39
115,FRIDAY Mike,Male,USA,Rugby Sevens,Head Coach,../../../en/results/rugby-sevens/athlete-profile-n1317938-friday-mike.htm,52
116,FUENTES Andrea,Female,USA,Artistic Swimming,Coach,../../../en/results/artistic-swimming/athlete-profile-n1302349-fuentes-andrea.htm,41
117,FUERBRINGER Matthew,Male,USA,Volleyball,Head Coach,../../../en/results/volleyball/athlete-profile-n1298691-fuerbringer-matthew.htm,50
118,FUJIKI Mayuko,Female,ESP,Artistic Swimming,Coach,../../../en/results/artistic-swimming/athlete-profile-n1328014-fujiki-mayuko.htm,48
119,FUJIKI Mayuko,Female,ESP,Artistic Swimming,Coach,../../../en/results/artistic-swimming/athlete-profile-n1328014-fujiki-mayuko.htm,48
120,FULI Saiasi,Male,FIJ,Rugby Sevens,Head Coach,../../../en/results/rugby-sevens/athlete-profile-n1282562-fuli-saiasi.htm,46
121,GADEMAN Pasha,Male,CAN,Hockey,Head Coach,../../../en/results/hockey/athlete-profile-n1433923-gademan-pasha.htm,36
122,GAIDUKOV Aleksandr,Male,ROC,Water Polo,Head Coach,../../../en/results/water-polo/athlete-profile-n1427979-gaidukov-aleksandr.htm,50
123,GARCIA Manuel,Male,DOM,Baseball/Softball,Coach,../../../en/results/baseball-softball/athlete-profile-n1469732-garcia-manuel.htm,35
124,GARCIA Nestor,Male,DOM,Basketball,Coach,../../../en/results/basketball/athlete-profile-n1469223-garcia-nestor.htm,58
125,GARCIA PIZARRO Paula,Female,COL,Artistic Swimming,Coach,../../../en/results/artistic-swimming/athlete-profile-n1383998-garcia-pizarro-paula.htm,45
126,GARNIER Valerie,Female,FRA,Basketball,Coach,../../../en/results/basketball/athlete-profile-n1337973-garnier-valerie.htm,59
127,GERHARDSSON Peter,Male,SWE,Football,Head Coach,../../../en/results/football/athlete-profile-n1380663-gerhardsson-peter.htm,64
128,GIACOBBE Antonio,Male,TUN,Volleyball,Head Coach,../../../en/results/volleyball/athlete-profile-n1331527-giacobbe-antonio.htm,77
129,GIALLOMBARDO Patrizia,Female,ITA,Artistic Swimming,Coach,../../../en/results/artistic-swimming/athlete-profile-n1310727-giallombardo-patrizia.htm,59
130,GIALLOMBARDO Patrizia,Female,ITA,Artistic Swimming,Coach,../../../en/results/artistic-swimming/athlete-profile-n1310727-giallombardo-patrizia.htm,59
131,GILLE Guillaume,Male,FRA,Handball,Coach,../../../en/results/handball/athlete-profile-n1350283-gille-guillaume.htm,47
132,GINZBURG Ronen,Male,CZE,Basketball,Coach,../../../en/results/basketball/athlete-profile-n1432594-ginzburg-ronen.htm,60
133,GISLASON Alfred,Male,GER,Handball,Coach,../../../en/results/handball/athlete-profile-n1345546-gislason-alfred.htm,64
134,GOJKOVIC Vladimir,Male,MNE,Water Polo,Head Coach,../../../en/results/water-polo/athlete-profile-n1308641-gojkovic-vladimir.htm,43
135,GOMEZ CORA Santiago,Male,ARG,Rugby Sevens,Head Coach,../../../en/results/rugby-sevens/athlete-profile-n1362712-gomez-cora-santiago.htm,45
136,GOMEZ Gilbert,Male,DOM,Baseball/Softball,Coach,../../../en/results/baseball-softball/athlete-profile-n1469785-gomez-gilbert.htm,32
137,GONZALEZ Anibal,Male,MEX,Football,Head Coach,../../../en/results/football/athlete-profile-n1303890-gonzalez-anibal.htm,35
138,GONZALEZ JARENO Angel,Male,ESP,Basketball,Coach,../../../en/results/basketball/athlete-profile-n1400378-gonzalez-jareno-angel.htm,63
139,GOORJIAN Brian Warwick,Male,AUS,Basketball,Coach,../../../en/results/basketball/athlete-profile-n1483492-goorjian-brian-warwick.htm,70
140,GORDO MANSILLA Juan David,Male,ESP,Football,Head Coach,../../../en/results/football/athlete-profile-n1328156-gordo-mansilla-juan-david.htm,54
141,GRAINGER Adam,Male,IRL,Hockey,Coach,../../../en/results/hockey/athlete-profile-n1282063-grainger-adam.htm,43
142,GRAUPERA Cristina,Female,GRE,Artistic Swimming,Coach,../../../en/results/artistic-swimming/athlete-profile-n1912263-graupera-cristina.htm,30
143,GRAZIOSI Gianluca,Male,ITA,Volleyball,Head Coach,../../../en/results/volleyball/athlete-profile-n1348454-graziosi-gianluca.htm,58
144,GRESKOWIAK Arne,Male,GER,Basketball,Coach,../../../en/results/basketball/athlete-profile-n1602142-greskowiak-arne.htm,39
145,GRYZUNOVA Elena,Female,ROC,Artistic Swimming,Coach,../../../en/results/artistic-swimming/athlete-profile-n1431713-gryzunova-elena.htm,64
146,GUERRERO LOPEZ Julen,Male,ESP,Football,Head Coach,../../../en/results/football/athlete-profile-n1328157-guerrero-lopez-julen.htm,50
147,GUERRERO Rolando,Male,MEX,Baseball/Softball,Coach,../../../en/results/baseball-softball/athlete-profile-n1306760-guerrero-rolando.htm,61
148,GUERRERO Rolando,Male,MEX,Baseball/Softball,Coach,../../../en/results/baseball-softball/athlete-profile-n1306761-guerrero-rolando.htm,27
149,GUIDETTI Giovanni,Male,TUR,Volleyball,Head Coach,../../../en/results/volleyball/athlete-profile-n1343709-guidetti-giovanni.htm,51
150,GUILLEN Ronald,Male,VEN,Basketball,Coach,../../../en/results/basketball/athlete-profile-n1451638-guillen-ronald.htm,41
151,GUIMARAES Jose Roberto,Male,BRA,Volleyball,Head Coach,../../../en/results/volleyball/athlete-profile-n1353935-guimaraes-jose-roberto.htm,69
152,GUSTAVSSON Tony,Male,AUS,Football,Head Coach,../../../en/results/football/athlete-profile-n1482750-gustavsson-tony.htm,50
153,HAGER Mark,Male,GBR,Hockey,Head Coach,../../../en/results/hockey/athlete-profile-n1444643-hager-mark.htm,60
154,HAIDARA Soualiho,Male,CIV,Football,Head Coach,../../../en/results/football/athlete-profile-n1385379-haidara-soualiho.htm,49
155,HALD Simon,Male,DEN,Handball,Coach,../../../en/results/handball/athlete-profile-n1367064-hald-simon.htm,29
156,HALKETT Rhett,Male,NED,Hockey,Coach,../../../en/results/hockey/athlete-profile-n1466845-halkett-rhett.htm,38
157,HAM Darvin de,Male,NGR,Basketball,Coach,../../../en/results/basketball/athlete-profile-n1400529-ham-darvin-de.htm,50
158,HAMMETT Bianca,Female,AUS,Artistic Swimming,Coach,../../../en/results/artistic-swimming/athlete-profile-n1302187-hammett-bianca.htm,33
159,HAMMETT Bianca,Female,AUS,Artistic Swimming,Coach,../../../en/results/artistic-swimming/athlete-profile-n1302187-hammett-bianca.htm,33
160,HARDY William,Male,USA,Basketball,Coach,../../../en/results/basketball/athlete-profile-n1312745-hardy-william.htm,36
161,HARROW Laing,Male,AUS,Baseball/Softball,Head Coach,../../../en/results/baseball-softball/athlete-profile-n1484459-harrow-laing.htm,54
162,HARVEY Laura,Female,USA,Football,Head Coach,../../../en/results/football/athlete-profile-n1332120-harvey-laura.htm,44
163,HAVENGA Arno,Male,NED,Water Polo,Head Coach,../../../en/results/water-polo/athlete-profile-n1467486-havenga-arno.htm,49
164,HAY Danny,Male,NZL,Football,Head Coach,../../../en/results/football/athlete-profile-n1476098-hay-danny.htm,49
165,HENKEL Claas,Male,GER,Hockey,Coach,../../../en/results/hockey/athlete-profile-n1319578-henkel-claas.htm,44
166,HENNING Andre,Male,CAN,Hockey,Coach,../../../en/results/hockey/athlete-profile-n1433924-henning-andre.htm,40
167,HERGEIRSSON Thorir,Male,NOR,Handball,Coach,../../../en/results/handball/athlete-profile-n1343757-hergeirsson-thorir.htm,60
168,HERNANDEZ Anderson,Male,DOM,Baseball/Softball,Coach,../../../en/results/baseball-softball/athlete-profile-n1469797-hernandez-anderson.htm,41
169,HERNANDEZ FRAILE Jose Ignacio,Male,ESP,Basketball,Coach,../../../en/results/basketball/athlete-profile-n1322511-hernandez-fraile-jose-ignacio.htm,54
170,HERNANDEZ Sergio,Male,ARG,Basketball,Coach,../../../en/results/basketball/athlete-profile-n1344532-hernandez-sergio.htm,60
171,HEYNEN Vital,Male,POL,Volleyball,Head Coach,../../../en/results/volleyball/athlete-profile-n1313929-heynen-vital.htm,54
172,HIROSE Norikazu,Male,JPN,Football,Head Coach,../../../en/results/football/athlete-profile-n1329666-hirose-norikazu.htm,49
173,HOAG Glenn,Male,CAN,Volleyball,Head Coach,../../../en/results/volleyball/athlete-profile-n1433404-hoag-glenn.htm,65
174,HOLANEK Zoltan,Male,HUN,Handball,Coach,../../../en/results/handball/athlete-profile-n1309806-holanek-zoltan.htm,48
175,HOVASSE Thomas Wayne,Male,JPN,Basketball,Coach,../../../en/results/basketball/athlete-profile-n1313677-hovasse-thomas-wayne.htm,57
176,HUGHES Daniel,Male,USA,Basketball,Coach,../../../en/results/basketball/athlete-profile-n1312709-hughes-daniel.htm,30
177,HUGHLEY JR Otis,Male,NGR,Basketball,Coach,../../../en/results/basketball/athlete-profile-n1401785-hughley-jr-otis.htm,59
178,IBATA Hirokazu,Male,JPN,Baseball/Softball,Coach,../../../en/results/baseball-softball/athlete-profile-n1313746-ibata-hirokazu.htm,49
179,IMURA Masayo,Female,JPN,Artistic Swimming,Coach,../../../en/results/artistic-swimming/athlete-profile-n1315871-imura-masayo.htm,73
180,IMURA Masayo,Female,JPN,Artistic Swimming,Coach,../../../en/results/artistic-swimming/athlete-profile-n1315871-imura-masayo.htm,73
181,IWABUCHI Kensuke,Male,JPN,Rugby Sevens,Head Coach,../../../en/results/rugby-sevens/athlete-profile-n1315530-iwabuchi-kensuke.htm,48
182,JACOBS Alex,Male,ISR,Baseball/Softball,Coach,../../../en/results/baseball-softball/athlete-profile-n1309161-jacobs-alex.htm,37
183,JACOBSEN Nikolaj,Male,DEN,Handball,Coach,../../../en/results/handball/athlete-profile-n1367204-jacobsen-nikolaj.htm,52
184,JARDINE Andre,Male,BRA,Football,Head Coach,../../../en/results/football/athlete-profile-n1351421-jardine-andre.htm,44
185,JAUMA CAYUELA Esther,Female,NED,Artistic Swimming,Coach,../../../en/results/artistic-swimming/athlete-profile-n1467506-jauma-cayuela-esther.htm,54
186,JENNINGS Dee,Female,AUS,Hockey,Coach,../../../en/results/hockey/athlete-profile-n1483174-jennings-dee.htm,53
187,JEROME Essapa,Male,CIV,Football,Head Coach,../../../en/results/football/athlete-profile-n1323715-jerome-essapa.htm,58
188,JIA Xiuquan,Male,CHN,Football,Head Coach,../../../en/results/football/athlete-profile-n1332764-jia-xiuquan.htm,61
189,JIMENEZ NIETO Cecilia,Female,ESP,Artistic Swimming,Coach,../../../en/results/artistic-swimming/athlete-profile-n1325845-jimenez-nieto-cecilia.htm,28
190,JIN Kabyong,Male,KOR,Baseball/Softball,Coach,../../../en/results/baseball-softball/athlete-profile-n1333158-jin-kabyong.htm,50
191,JOHNSON Vickie,Female,USA,Basketball,Coach,../../../en/results/basketball/athlete-profile-n1312744-johnson-vickie.htm,52
192,JONES Chris,Male,CAN,Baseball/Softball,Coach,../../../en/results/baseball-softball/athlete-profile-n1426205-jones-chris.htm,57
193,JONES Nathan,Male,AUS,Baseball/Softball,Coach,../../../en/results/baseball-softball/athlete-profile-n1484456-jones-nathan.htm,47
194,KAISER Pierre,Male,BEL,Basketball,Coach,../../../en/results/basketball/athlete-profile-n1393339-kaiser-pierre.htm,35
195,KANEKO Makoto,Male,JPN,Baseball/Softball,Coach,../../../en/results/baseball-softball/athlete-profile-n1336505-kaneko-makoto.htm,48
196,KANG Jae Won,Male,KOR,Handball,Coach,../../../en/results/handball/athlete-profile-n1332489-kang-jae-won.htm,58
197,KANUNGO Bergin,Male,ZAM,Football,Head Coach,../../../en/results/football/athlete-profile-n1793714-kanungo-bergin.htm,61
198,KAWASE Asaki,Female,JPN,Football,Head Coach,../../../en/results/football/athlete-profile-n1330710-kawase-asaki.htm,41
199,KAZAMA Takafumi,Male,JPN,Football,Head Coach,../../../en/results/football/athlete-profile-n1329581-kazama-takafumi.htm,38
200,KELLER Florian,Male,GER,Hockey,Coach,../../../en/results/hockey/athlete-profile-n1319566-keller-florian.htm,42
201,KERRY Danny,Male,GBR,Hockey,Head Coach,../../../en/results/hockey/athlete-profile-n1444647-kerry-danny.htm,53
202,KIM Chanbin,Male,KOR,Football,Head Coach,../../../en/results/football/athlete-profile-n1341066-kim-chanbin.htm,39
203,KIM Hagbum,Male,KOR,Football,Head Coach,../../../en/results/football/athlete-profile-n9171064-kim-hagbum.htm,64
204,KIM Jae Hyun,Male,KOR,Baseball/Softball,Coach,../../../en/results/baseball-softball/athlete-profile-n1333159-kim-jae-hyun.htm,48
205,KIM Jongkook,Male,KOR,Baseball/Softball,Coach,../../../en/results/baseball-softball/athlete-profile-n1333160-kim-jongkook.htm,50
206,KIRALY Karch,Male,USA,Volleyball,Head Coach,../../../en/results/volleyball/athlete-profile-n1298673-kiraly-karch.htm,63
207,KIRKELY Ulrik,Male,JPN,Handball,Coach,../../../en/results/handball/athlete-profile-n1315306-kirkely-ulrik.htm,52
208,KIRKPATRICK Andrew,Male,AUS,Baseball/Softball,Coach,../../../en/results/baseball-softball/athlete-profile-n1484457-kirkpatrick-andrew.htm,40
209,KITABAYASHI Kenji,Male,JPN,Handball,Coach,../../../en/results/handball/athlete-profile-n1315300-kitabayashi-kenji.htm,56
210,KLARENBEEK Auke,Male,NED,Handball,Coach,../../../en/results/handball/athlete-profile-n1458573-klarenbeek-auke.htm,47
211,KNEZEVIC Nemanja,Male,KAZ,Water Polo,Head Coach,../../../en/results/water-polo/athlete-profile-n1303735-knezevic-nemanja.htm,40
212,KOFFI Anthony,Male,CIV,Football,Head Coach,../../../en/results/football/athlete-profile-n1323742-koffi-anthony.htm,70
213,KONSTANTINOV Aleksei,Male,ROC,Volleyball,Head Coach,../../../en/results/volleyball/athlete-profile-n1435987-konstantinov-aleksei.htm,40
214,KRIKORIAN Adam,Male,USA,Water Polo,Head Coach,../../../en/results/water-polo/athlete-profile-n1320578-krikorian-adam.htm,49
215,KRIST JANSSON Aron,Male,BRN,Handball,Coach,../../../en/results/handball/athlete-profile-n1301237-krist-jansson-aron.htm,51
216,KRUMBHOLZ Olivier,Male,FRA,Handball,Coach,../../../en/results/handball/athlete-profile-n1439966-krumbholz-olivier.htm,65
217,KULESZA Kasia,Female,CAN,Artistic Swimming,Coach,../../../en/results/artistic-swimming/athlete-profile-n1450732-kulesza-kasia.htm,47
218,KUNTZ Stefan,Male,GER,Football,Head Coach,../../../en/results/football/athlete-profile-n1325356-kuntz-stefan.htm,61
219,KUZIN Andrey,Male,ROC,Rugby Sevens,Head Coach,../../../en/results/rugby-sevens/athlete-profile-n1408386-kuzin-andrey.htm,45
220,KWIEK Marcos,Male,DOM,Volleyball,Head Coach,../../../en/results/volleyball/athlete-profile-n1295679-kwiek-marcos.htm,56
221,LAIDLAW Clark,Male,NZL,Rugby Sevens,Head Coach,../../../en/results/rugby-sevens/athlete-profile-n1473923-laidlaw-clark.htm,46
222,LAMAS Julio,Male,JPN,Basketball,Coach,../../../en/results/basketball/athlete-profile-n1313651-lamas-julio.htm,59
223,LANG Ping,Female,CHN,Volleyball,Head Coach,../../../en/results/volleyball/athlete-profile-n1342738-lang-ping.htm,63
224,LAVARINI Stefano,Male,KOR,Volleyball,Head Coach,../../../en/results/volleyball/athlete-profile-n1320648-lavarini-stefano.htm,45
225,LAZARO CORRAL Jesus,Male,ESP,Basketball,Coach,../../../en/results/basketball/athlete-profile-n1322506-lazaro-corral-jesus.htm,52
226,LEE Jong Yeol,Male,KOR,Baseball/Softball,Coach,../../../en/results/baseball-softball/athlete-profile-n1333162-lee-jong-yeol.htm,51
227,LETELIER Jose,Male,CHI,Football,Head Coach,../../../en/results/football/athlete-profile-n1335536-letelier-jose.htm,58
228,LOCK Adrian Mayner,Male,ESP,Hockey,Head Coach,../../../en/results/hockey/athlete-profile-n1355307-lock-adrian-mayner.htm,48
229,LOFTUS Adriana,Female,MEX,Artistic Swimming,Coach,../../../en/results/artistic-swimming/athlete-profile-n1301560-loftus-adriana.htm,65
230,LOPES BARBOSA Leonard,Male,KEN,Volleyball,Head Coach,../../../en/results/volleyball/athlete-profile-n1459291-lopes-barbosa-leonard.htm,41
231,LOPEZ GUILLEN Melvyn,Male,DOM,Basketball,Coach,../../../en/results/basketball/athlete-profile-n1468694-lopez-guillen-melvyn.htm,49
232,LOPEZ Monica Susana,Female,ARG,Artistic Swimming,Coach,../../../en/results/artistic-swimming/athlete-profile-n1332306-lopez-monica-susana.htm,64
233,LORRAINE Andrew,Male,ISR,Baseball/Softball,Coach,../../../en/results/baseball-softball/athlete-profile-n1282219-lorraine-andrew.htm,51
234,LOUCKS Luke,Male,NGR,Basketball,Coach,../../../en/results/basketball/athlete-profile-n1400532-loucks-luke.htm,34
235,LOZANO Jaime,Male,MEX,Football,Head Coach,../../../en/results/football/athlete-profile-n1353553-lozano-jaime.htm,45
236,MACEK Anze,Male,SLO,Basketball,Coach,../../../en/results/basketball/athlete-profile-n1437110-macek-anze.htm,32
237,MACKINTOSH Euan,Male,CHN,Rugby Sevens,Head Coach,../../../en/results/rugby-sevens/athlete-profile-n1307120-mackintosh-euan.htm,38
238,MAEDA Kenzo,Male,JPN,Basketball,Coach,../../../en/results/basketball/athlete-profile-n1313654-maeda-kenzo.htm,41
239,MAHLANGU Sibusiso,Male,RSA,Football,Head Coach,../../../en/results/football/athlete-profile-n1325041-mahlangu-sibusiso.htm,40
240,MAKIRI Hare,Male,JPN,Rugby Sevens,Head Coach,../../../en/results/rugby-sevens/athlete-profile-n1315532-makiri-hare.htm,46
241,MALJKOVIC Marina,Female,SRB,Basketball,Coach,../../../en/results/basketball/athlete-profile-n1344396-maljkovic-marina.htm,42
242,MANENTI John,Male,AUS,Rugby Sevens,Head Coach,../../../en/results/rugby-sevens/athlete-profile-n1473099-manenti-john.htm,53
243,MANZANILLO Andres,Male,VEN,Volleyball,Head Coach,../../../en/results/volleyball/athlete-profile-n1308821-manzanillo-andres.htm,46
244,MARCZ Tamas,Male,HUN,Water Polo,Head Coach,../../../en/results/water-polo/athlete-profile-n1364592-marcz-tamas.htm,49
245,MARIJNE Sjoerd,Male,IND,Hockey,Head Coach,../../../en/results/hockey/athlete-profile-n1309670-marijne-sjoerd.htm,50
246,MARINELLI Fernando,Male,CHI,Football,Head Coach,../../../en/results/football/athlete-profile-n1335544-marinelli-fernando.htm,44
247,MARTIN LOZANO David,Male,ESP,Water Polo,Head Coach,../../../en/results/water-polo/athlete-profile-n1328036-martin-lozano-david.htm,47
248,MARTIN Paul,Male,RSA,Water Polo,Head Coach,../../../en/results/water-polo/athlete-profile-n1399919-martin-paul.htm,41
249,MASHA Mario,Male,RSA,Football,Head Coach,../../../en/results/football/athlete-profile-n1610833-masha-mario.htm,41
250,MATSUNO Yoshiyuki,Male,JPN,Basketball,Coach,../../../en/results/basketball/athlete-profile-n1313680-matsuno-yoshiyuki.htm,38
251,MATSUODANI Yasushi,Male,JPN,Football,Head Coach,../../../en/results/football/athlete-profile-n1329578-matsuodani-yasushi.htm,46
252,MAYBURY Elena,Female,USA,Football,Head Coach,../../../en/results/football/athlete-profile-n1444400-maybury-elena.htm,38
253,MAYONNADE Emmanuel,Male,NED,Handball,Coach,../../../en/results/handball/athlete-profile-n1457064-mayonnade-emmanuel.htm,40
254,MAZZANTI Davide,Male,ITA,Volleyball,Head Coach,../../../en/results/volleyball/athlete-profile-n1337663-mazzanti-davide.htm,47
255,McCRORIE Christy,Female,RSA,Hockey,Coach,../../../en/results/hockey/athlete-profile-n1542943-mccrorie-christy.htm,39
256,McLEOD Shane,Male,BEL,Hockey,Head Coach,../../../en/results/hockey/athlete-profile-n1402028-mcleod-shane.htm,55
257,MEDINA Bobby,Male,NGR,Basketball,Coach,../../../en/results/basketball/athlete-profile-n1401820-medina-bobby.htm,60
258,MENDEZ Marcelo Rodolfo,Male,ARG,Volleyball,Head Coach,../../../en/results/volleyball/athlete-profile-n1366973-mendez-marcelo-rodolfo.htm,59
259,MENTOOR Delaine,Female,RSA,Water Polo,Head Coach,../../../en/results/water-polo/athlete-profile-n1399767-mentoor-delaine.htm,31
260,MERCEDES del ROSARIO Jose,Male,DOM,Basketball,Coach,../../../en/results/basketball/athlete-profile-n1468726-mercedes-del-rosario-jose.htm,60
261,MESTDAGH Philip,Male,BEL,Basketball,Coach,../../../en/results/basketball/athlete-profile-n1393340-mestdagh-philip.htm,61
262,MEZHENINA Valeriia,Female,UKR,Artistic Swimming,Coach,../../../en/results/artistic-swimming/athlete-profile-n1449844-mezhenina-valeriia.htm,59
263,MEZIANE Rachid,Male,FRA,Basketball,Coach,../../../en/results/basketball/athlete-profile-n1337976-meziane-rachid.htm,44
264,MIHAILOVIC Predrag,Male,AUS,Water Polo,Head Coach,../../../en/results/water-polo/athlete-profile-n1483341-mihailovic-predrag.htm,50
265,MIREJOVSKY Michal,Male,CZE,Basketball,Coach,../../../en/results/basketball/athlete-profile-n1432598-mirejovsky-michal.htm,42
266,MIRET GARCIA Daniel,Male,ESP,Basketball,Coach,../../../en/results/basketball/athlete-profile-n1400379-miret-garcia-daniel.htm,38
267,MIURA Keiko,Female,JPN,Hockey,Coach,../../../en/results/hockey/athlete-profile-n1318205-miura-keiko.htm,49
268,MIYAKAWA Miya,Female,JPN,Artistic Swimming,Coach,../../../en/results/artistic-swimming/athlete-profile-n1315873-miyakawa-miya.htm,49
269,MIYAKAWA Miya,Female,JPN,Artistic Swimming,Coach,../../../en/results/artistic-swimming/athlete-profile-n1315873-miyakawa-miya.htm,49
270,MLADENOVA Albena,Female,AUT,Artistic Swimming,Coach,../../../en/results/artistic-swimming/athlete-profile-n1323387-mladenova-albena.htm,59
271,MOHAMED Sayeda,Female,KSA,Football,Head Coach,../../../en/results/football/athlete-profile-n1484278-mohamed-sayeda.htm,53
272,MOHAMMED Silifat,Female,NGR,Basketball,Coach,../../../en/results/basketball/athlete-profile-n1479236-mohammed-silifat.htm,53
273,MONDELO Lucas,Male,ESP,Basketball,Coach,../../../en/results/basketball/athlete-profile-n1322507-mondelo-lucas.htm,56
274,MONTICO Loredana,Female,AUS,Artistic Swimming,Coach,../../../en/results/artistic-swimming/athlete-profile-n1483950-montico-loredana.htm,58
275,MONTICO Loredana,Female,AUS,Artistic Swimming,Coach,../../../en/results/artistic-swimming/athlete-profile-n1483950-montico-loredana.htm,58
276,MORIYASU Hajime,Male,JPN,Football,Head Coach,../../../en/results/football/athlete-profile-n1329561-moriyasu-hajime.htm,55
277,MOTOMIYA Makihiro,Male,JPN,Water Polo,Head Coach,../../../en/results/water-polo/athlete-profile-n1316554-motomiya-makihiro.htm,55
278,MULATI Adilijiang,Male,CHN,Basketball,Coach,../../../en/results/basketball/athlete-profile-n1324783-mulati-adilijiang.htm,38
279,MULBERG Nate,Male,ISR,Baseball/Softball,Coach,../../../en/results/baseball-softball/athlete-profile-n1282237-mulberg-nate.htm,32
280,MUNOZ Noe,Male,MEX,Baseball/Softball,Coach,../../../en/results/baseball-softball/athlete-profile-n1825806-munoz-noe.htm,53
281,MURATA Yoshinori,Male,JPN,Baseball/Softball,Coach,../../../en/results/baseball-softball/athlete-profile-n1336506-murata-yoshinori.htm,50
282,MWAPE Bruce,Male,ZAM,Football,Head Coach,../../../en/results/football/athlete-profile-n1477392-mwape-bruce.htm,64
283,NAGAE Shoji,Male,JPN,Volleyball,Head Coach,../../../en/results/volleyball/athlete-profile-n1484652-nagae-shoji.htm,36
284,NAIDOO Taren,Female,RSA,Hockey,Coach,../../../en/results/hockey/athlete-profile-n1318765-naidoo-taren.htm,36
285,NAKADA Kumi,Female,JPN,Volleyball,Head Coach,../../../en/results/volleyball/athlete-profile-n1316363-nakada-kumi.htm,58
286,NAKAGAICHI Yuichi,Male,JPN,Volleyball,Head Coach,../../../en/results/volleyball/athlete-profile-n1316304-nakagaichi-yuichi.htm,56
287,NCUBE Mthandazo,Male,RSA,Football,Head Coach,../../../en/results/football/athlete-profile-n1610836-ncube-mthandazo.htm,43
288,NEVES Christophe,Male,CIV,Football,Head Coach,../../../en/results/football/athlete-profile-n1385704-neves-christophe.htm,46
289,NISHIDA Takumi,Male,JPN,Rugby Sevens,Head Coach,../../../en/results/rugby-sevens/athlete-profile-n1315538-nishida-takumi.htm,32
290,NOTOANE David,Male,RSA,Football,Head Coach,../../../en/results/football/athlete-profile-n1325049-notoane-david.htm,55
291,OCA GAIA Miguel Angel,Male,ESP,Water Polo,Head Coach,../../../en/results/water-polo/athlete-profile-n1328039-oca-gaia-miguel-angel.htm,54
292,ODAUDU Ogoh,Male,NGR,Basketball,Coach,../../../en/results/basketball/athlete-profile-n1479230-odaudu-ogoh.htm,42
293,OLOO Felix,Male,KEN,Rugby Sevens,Head Coach,../../../en/results/rugby-sevens/athlete-profile-n1327167-oloo-felix.htm,39
294,OMOTO Yoji,Male,JPN,Water Polo,Head Coach,../../../en/results/water-polo/athlete-profile-n1316505-omoto-yoji.htm,56
295,PAGAN CRISTOBAL Angel,Male,PUR,Basketball,Coach,../../../en/results/basketball/athlete-profile-n1298218-pagan-cristobal-angel.htm,59
296,PALERMI Giovanna,Female,ITA,Baseball/Softball,Coach,../../../en/results/baseball-softball/athlete-profile-n1325707-palermi-giovanna.htm,60
297,PANTOJA Hernan,Male,VEN,Volleyball,Head Coach,../../../en/results/volleyball/athlete-profile-n1308812-pantoja-hernan.htm,69
298,PARADELO David,Male,CAN,Water Polo,Head Coach,../../../en/results/water-polo/athlete-profile-n1433333-paradelo-david.htm,38
299,PARRONDO Roberto,Male,EGY,Handball,Coach,../../../en/results/handball/athlete-profile-n1303861-parrondo-roberto.htm,44
300,PAUL Henry,Male,CAN,Rugby Sevens,Head Coach,../../../en/results/rugby-sevens/athlete-profile-n1450999-paul-henry.htm,50
301,PEDRERO Ofelia,Female,MEX,Artistic Swimming,Coach,../../../en/results/artistic-swimming/athlete-profile-n1301565-pedrero-ofelia.htm,36
302,PEREIRA Paulo Jorge,Male,POR,Handball,Coach,../../../en/results/handball/athlete-profile-n1451585-pereira-paulo-jorge.htm,59
303,PEREZ Jose,Male,VEN,Basketball,Coach,../../../en/results/basketball/athlete-profile-n1418926-perez-jose.htm,42
304,PIBIRI Rossella,Female,ITA,Artistic Swimming,Coach,../../../en/results/artistic-swimming/athlete-profile-n1310730-pibiri-rossella.htm,42
305,PISKAREVA Ekaterina,Female,ROC,Artistic Swimming,Coach,../../../en/results/artistic-swimming/athlete-profile-n1431714-piskareva-ekaterina.htm,53
306,PIZZOLINI Federico,Male,ITA,Baseball/Softball,Head Coach,../../../en/results/baseball-softball/athlete-profile-n1325706-pizzolini-federico.htm,60
307,POPOVIC Bojana,Female,MNE,Handball,Coach,../../../en/results/handball/athlete-profile-n1330960-popovic-bojana.htm,44
308,POPOVICH Gregg,Male,USA,Basketball,Coach,../../../en/results/basketball/athlete-profile-n1312715-popovich-gregg.htm,75
309,POROBIC Petar,Male,CHN,Water Polo,Head Coach,../../../en/results/water-polo/athlete-profile-n1376868-porobic-petar.htm,67
310,POTTER Anthony,Male,AUS,Hockey,Coach,../../../en/results/hockey/athlete-profile-n1483118-potter-anthony.htm,52
311,POWELL Katrina,Female,AUS,Hockey,Head Coach,../../../en/results/hockey/athlete-profile-n1483179-powell-katrina.htm,52
312,POWELL Neil,Male,RSA,Rugby Sevens,Head Coach,../../../en/results/rugby-sevens/athlete-profile-n1284765-powell-neil.htm,45
313,PRADO BRANAS Joaquin,Male,ESP,Basketball,Coach,../../../en/results/basketball/athlete-profile-n1322509-prado-branas-joaquin.htm,48
314,PRIESTMAN Bev,Female,CAN,Football,Head Coach,../../../en/results/football/athlete-profile-n1469450-priestman-bev.htm,38
315,RADOI Mirel,Male,ROU,Football,Head Coach,../../../en/results/football/athlete-profile-n1313039-radoi-mirel.htm,43
316,RECKINGER Xavier,Male,GER,Hockey,Head Coach,../../../en/results/hockey/athlete-profile-n1319558-reckinger-xavier.htm,40
317,REID Graham John,Male,IND,Hockey,Head Coach,../../../en/results/hockey/athlete-profile-n1309599-reid-graham-john.htm,60
318,REQUENA PERICAS Judit,Female,ESP,Artistic Swimming,Coach,../../../en/results/artistic-swimming/athlete-profile-n1328041-requena-pericas-judit.htm,31
319,RETEGUI Carlos Jose,Male,ARG,Hockey,Head Coach,../../../en/results/hockey/athlete-profile-n1361834-retegui-carlos-jose.htm,54
320,RETEGUI Carlos Jose,Male,ARG,Hockey,Head Coach,../../../en/results/hockey/athlete-profile-n1361834-retegui-carlos-jose.htm,54
321,RIBERA ROMANS Jordi,Male,ESP,Handball,Coach,../../../en/results/handball/athlete-profile-n1313332-ribera-romans-jordi.htm,61
322,RIISE Hege,Female,GBR,Football,Head Coach,../../../en/results/football/athlete-profile-n1464724-riise-hege.htm,54
323,RILLIE John,Male,AUS,Basketball,Coach,../../../en/results/basketball/athlete-profile-n1895587-rillie-john.htm,52
324,RIPOLL Sylvain,Male,FRA,Football,Head Coach,../../../en/results/football/athlete-profile-n1406207-ripoll-sylvain.htm,52
325,RODRIGUEZ Eduardo Rafael,Male,ARG,Volleyball,Head Coach,../../../en/results/volleyball/athlete-profile-n1365441-rodriguez-eduardo-rafael.htm,50
326,ROEDL Henrik,Male,GER,Basketball,Coach,../../../en/results/basketball/athlete-profile-n1327353-roedl-henrik.htm,55
327,ROQUES Tony,Male,GBR,Rugby Sevens,Head Coach,../../../en/results/rugby-sevens/athlete-profile-n1468862-roques-tony.htm,45
328,SACCHETTI Meo,Male,ITA,Basketball,Coach,../../../en/results/basketball/athlete-profile-n1348383-sacchetti-meo.htm,70
329,SALAM Mohamed,Male,EGY,Football,Head Coach,../../../en/results/football/athlete-profile-n1378825-salam-mohamed.htm,42
330,SAMMELVUO Tuomas,Male,ROC,Volleyball,Head Coach,../../../en/results/volleyball/athlete-profile-n1435978-sammelvuo-tuomas.htm,48
331,SARTI Ronald,Male,VEN,Volleyball,Head Coach,../../../en/results/volleyball/athlete-profile-n1307555-sarti-ronald.htm,52
332,SAVIC Dejan,Male,SRB,Water Polo,Head Coach,../../../en/results/water-polo/athlete-profile-n1344212-savic-dejan.htm,49
333,SCARIOLO Sergio,Male,ESP,Basketball,Coach,../../../en/results/basketball/athlete-profile-n1322508-scariolo-sergio.htm,63
334,SCHILLING April,Female,NGR,Basketball,Coach,../../../en/results/basketball/athlete-profile-n1405790-schilling-april.htm,43
335,SEKULIC Aleksander,Male,SLO,Basketball,Coach,../../../en/results/basketball/athlete-profile-n1436878-sekulic-aleksander.htm,46
336,SEO Chun Oh,Male,KOR,Rugby Sevens,Head Coach,../../../en/results/rugby-sevens/athlete-profile-n1342995-seo-chun-oh.htm,56
337,SERMANNI Tom,Male,NZL,Football,Head Coach,../../../en/results/football/athlete-profile-n1476106-sermanni-tom.htm,69
338,SHAHINTAB Mehran,Male,IRI,Basketball,Coach,../../../en/results/basketball/athlete-profile-n1281792-shahintab-mehran.htm,58
339,SHAHNAZI Shahbaz,Male,AUT,Artistic Swimming,Coach,../../../en/results/artistic-swimming/athlete-profile-n1331227-shahnazi-shahbaz.htm,36
340,SHAW Graham,Male,NZL,Hockey,Head Coach,../../../en/results/hockey/athlete-profile-n1473560-shaw-graham.htm,45
341,SHAWKY Gharib,Male,EGY,Football,Head Coach,../../../en/results/football/athlete-profile-n1378816-shawky-gharib.htm,65
342,SHIMIZU Masaji,Male,JPN,Baseball/Softball,Coach,../../../en/results/baseball-softball/athlete-profile-n1313744-shimizu-masaji.htm,59
343,SIAM Zaghloul,Male,EGY,Football,Head Coach,../../../en/results/football/athlete-profile-n1898563-siam-zaghloul.htm,56
344,SIGURDSSON Dagur,Male,JPN,Handball,Coach,../../../en/results/handball/athlete-profile-n1315297-sigurdsson-dagur.htm,51
345,SILVA Jose,Male,MEX,Baseball/Softball,Coach,../../../en/results/baseball-softball/athlete-profile-n1849265-silva-jose.htm,50
346,SIMIYU Innocent,Male,KEN,Rugby Sevens,Head Coach,../../../en/results/rugby-sevens/athlete-profile-n1422514-simiyu-innocent.htm,41
347,SINGH Shivendra,Male,IND,Hockey,Coach,../../../en/results/hockey/athlete-profile-n1309727-singh-shivendra.htm,40
348,SMITH Darren,Male,NZL,Hockey,Head Coach,../../../en/results/hockey/athlete-profile-n1473561-smith-darren.htm,50
349,SMITH Mark,Male,CAN,Baseball/Softball,Head Coach,../../../en/results/baseball-softball/athlete-profile-n1426206-smith-mark.htm,64
350,SOLBERG Glenn,Male,SWE,Handball,Coach,../../../en/results/handball/athlete-profile-n1408648-solberg-glenn.htm,52
351,SOYEZ Frederic,Male,ESP,Hockey,Head Coach,../../../en/results/hockey/athlete-profile-n1355309-soyez-frederic.htm,46
352,SPERAW John,Male,USA,Volleyball,Head Coach,../../../en/results/volleyball/athlete-profile-n1298684-speraw-john.htm,52
353,SPERONI Stefania,Female,GBR,Artistic Swimming,Coach,../../../en/results/artistic-swimming/athlete-profile-n1425979-speroni-stefania.htm,44
354,STALEY Dawn Michelle,Female,USA,Basketball,Coach,../../../en/results/basketball/athlete-profile-n1312711-staley-dawn-michelle.htm,54
355,STANIFORTH Dave,Male,AUS,Hockey,Coach,../../../en/results/hockey/athlete-profile-n1483172-staniforth-dave.htm,48
356,STAS Jacques,Male,BEL,Basketball,Coach,../../../en/results/basketball/athlete-profile-n1866616-stas-jacques.htm,55
357,SUNDHAGE Pia Mariane,Female,BRA,Football,Head Coach,../../../en/results/football/athlete-profile-n1351704-sundhage-pia-mariane.htm,64
358,SVETLICHNAYA Aliona,Female,BLR,Artistic Swimming,Coach,../../../en/results/artistic-swimming/athlete-profile-n1289288-svetlichnaya-aliona.htm,42
359,SZAUDER Gabor,Male,CAN,Artistic Swimming,Coach,../../../en/results/artistic-swimming/athlete-profile-n1450730-szauder-gabor.htm,52
360,SZAUDER Gabor,Male,CAN,Artistic Swimming,Coach,../../../en/results/artistic-swimming/athlete-profile-n1450730-szauder-gabor.htm,52
361,SZAUDER Nora,Female,SVK,Artistic Swimming,Coach,../../../en/results/artistic-swimming/athlete-profile-n1387209-szauder-nora.htm,45
362,TAGLE German,Male,CHI,Football,Head Coach,../../../en/results/football/athlete-profile-n1335542-tagle-german.htm,49
363,TAKAKURA Asako,Female,JPN,Football,Head Coach,../../../en/results/football/athlete-profile-n1329662-takakura-asako.htm,56
364,TAKITA Risako,Female,JPN,Artistic Swimming,Coach,../../../en/results/artistic-swimming/athlete-profile-n1315872-takita-risako.htm,51
365,TAKITA Risako,Female,JPN,Artistic Swimming,Coach,../../../en/results/artistic-swimming/athlete-profile-n1315872-takita-risako.htm,51
366,TARR Heather,Female,USA,Baseball/Softball,Coach,../../../en/results/baseball-softball/athlete-profile-n1310161-tarr-heather.htm,49
367,TATEYAMA Yoshinori,Male,JPN,Baseball/Softball,Coach,../../../en/results/baseball-softball/athlete-profile-n1313745-tateyama-yoshinori.htm,48
368,TERZIC Zoran,Male,SRB,Volleyball,Head Coach,../../../en/results/volleyball/athlete-profile-n1344682-terzic-zoran.htm,57
369,THOMAIDIS Lisa,Female,CAN,Basketball,Coach,../../../en/results/basketball/athlete-profile-n1432978-thomaidis-lisa.htm,52
370,TILLIE Laurent,Male,FRA,Volleyball,Head Coach,../../../en/results/volleyball/athlete-profile-n1340543-tillie-laurent.htm,60
371,TUCAK Ivica,Male,CRO,Water Polo,Head Coach,../../../en/results/water-polo/athlete-profile-n1398832-tucak-ivica.htm,54
372,TURNER Glenn,Male,NZL,Hockey,Coach,../../../en/results/hockey/athlete-profile-n1473563-turner-glenn.htm,40
373,UDOKA Ime,Male,USA,Basketball,Coach,../../../en/results/basketball/athlete-profile-n1312717-udoka-ime.htm,46
374,UDOVICIC Dejan,Male,USA,Water Polo,Head Coach,../../../en/results/water-polo/athlete-profile-n1320587-udovicic-dejan.htm,53
375,UTKIN Volodymyr,Male,UKR,Artistic Swimming,Coach,../../../en/results/artistic-swimming/athlete-profile-n1449845-utkin-volodymyr.htm,54
376,UTSUGI Reika,Female,JPN,Baseball/Softball,Head Coach,../../../en/results/baseball-softball/athlete-profile-n1313733-utsugi-reika.htm,61
377,van GINKEL Robin,Male,RSA,Hockey,Head Coach,../../../en/results/hockey/athlete-profile-n1318772-van-ginkel-robin.htm,42
378,van GUNDY Jeff,Male,USA,Basketball,Coach,../../../en/results/basketball/athlete-profile-n1312723-van-gundy-jeff.htm,62
379,VASQUEZ Diego,Male,VEN,Basketball,Coach,../../../en/results/basketball/athlete-profile-n1451597-vasquez-diego.htm,55
380,VILLEGAS Orlando,Male,VEN,Volleyball,Head Coach,../../../en/results/volleyball/athlete-profile-n1308817-villegas-orlando.htm,65
381,VITORINO de SOUZA Marcelo,Male,KEN,Volleyball,Head Coach,../../../en/results/volleyball/athlete-profile-n1459290-vitorino-de-souza-marcelo.htm,43
382,VIVER ARZA Carlos Enrique,Male,ESP,Handball,Coach,../../../en/results/handball/athlete-profile-n1313339-viver-arza-carlos-enrique.htm,51
383,VLACHOS Theodoros,Male,GRE,Water Polo,Head Coach,../../../en/results/water-polo/athlete-profile-n1466687-vlachos-theodoros.htm,54
384,VOLOSHYNA Anna,Female,USA,Artistic Swimming,Coach,../../../en/results/artistic-swimming/athlete-profile-n1444384-voloshyna-anna.htm,32
385,VORONOVA Elena,Female,ROC,Artistic Swimming,Coach,../../../en/results/artistic-swimming/athlete-profile-n1431715-voronova-elena.htm,33
386,WALL Michael,Male,USA,Volleyball,Head Coach,../../../en/results/volleyball/athlete-profile-n1298692-wall-michael.htm,45
387,WALLACE Dave,Male,USA,Baseball/Softball,Coach,../../../en/results/baseball-softball/athlete-profile-n1471344-wallace-dave.htm,77
388,WALSH Tim,Male,AUS,Rugby Sevens,Head Coach,../../../en/results/rugby-sevens/athlete-profile-n1473092-walsh-tim.htm,45
389,WANG Jie,Female,CHN,Artistic Swimming,Coach,../../../en/results/artistic-swimming/athlete-profile-n1305109-wang-jie.htm,62
390,WANG Jie,Female,CHN,Artistic Swimming,Coach,../../../en/results/artistic-swimming/athlete-profile-n1305109-wang-jie.htm,62
391,WANG Yang,Male,CHN,Hockey,Head Coach,../../../en/results/hockey/athlete-profile-n1396209-wang-yang.htm,55
392,WIEGMAN Sarina,Female,NED,Football,Head Coach,../../../en/results/football/athlete-profile-n1457429-wiegman-sarina.htm,54
393,WIRTH Oscar,Male,CHI,Football,Head Coach,../../../en/results/football/athlete-profile-n1335548-wirth-oscar.htm,68
394,WOELFLIN Roberto Osvaldo,Male,ARG,Volleyball,Head Coach,../../../en/results/volleyball/athlete-profile-n1365438-woelflin-roberto-osvaldo.htm,55
395,WOICKI Pawel,Male,POL,Volleyball,Head Coach,../../../en/results/volleyball/athlete-profile-n1313918-woicki-pawel.htm,40
396,WRIGHT Jerold,Male,USA,Basketball,Coach,../../../en/results/basketball/athlete-profile-n1312724-wright-jerold.htm,62
397,XU Limin,Male,CHN,Basketball,Coach,../../../en/results/basketball/athlete-profile-n1324796-xu-limin.htm,58
398,YAMAJI Noriko,Female,JPN,Baseball/Softball,Coach,../../../en/results/baseball-softball/athlete-profile-n1313734-yamaji-noriko.htm,53
399,YOUNG Ernie,Male,USA,Baseball/Softball,Coach,../../../en/results/baseball-softball/athlete-profile-n1460076-young-ernie.htm,54
400,YUAN Lingxi,Male,CHN,Volleyball,Head Coach,../../../en/results/volleyball/athlete-profile-n1342769-yuan-lingxi.htm,41
401,ZAITSEVA Olesia,Female,UKR,Artistic Swimming,Coach,../../../en/results/artistic-swimming/athlete-profile-n1449843-zaitseva-olesia.htm,49
402,ZAMORA PEDREIRA Javier,Male,ESP,Basketball,Coach,../../../en/results/basketball/athlete-profile-n1400384-zamora-pedreira-javier.htm,39
403,ZAMPIERI Francesca,Female,LIE,Artistic Swimming,Coach,../../../en/results/artistic-swimming/athlete-profile-n1288449-zampieri-francesca.htm,42
404,ZHANG Xiaohuan,Female,CHN,Artistic Swimming,Coach,../../../en/results/artistic-swimming/athlete-profile-n1305111-zhang-xiaohuan.htm,43
405,ZIJP Simon,Male,NED,Hockey,Coach,../../../en/results/hockey/athlete-profile-n1466849-zijp-simon.htm,60
406,ZONDI Nkuliso,Male,RSA,Hockey,Coach,../../../en/results/hockey/athlete-profile-n1318776-zondi-nkuliso.htm,35
